title,link,content
"[[단독]이중훈 코인원 CSO, 가상자산 떠나 방산 AI '팔란티어'로]",https://n.news.naver.com/mnews/article/417/0000977046?sid=105,"[
고팍스서 코인원 이적한지 두 달 만에 퇴사… AI 소프트웨어 기업 팔란티어서 새 출발



이중훈 전 코인원 CSO. /사진=뉴스1 이중훈 코인원 최고전략책임자(CSO)가 부임 3달 만에 인공지능(AI) 소프트웨어 기업 '팔란티어 테크놀로지스'(팔란티어)로 이직했다. 지난해 6월 가상자산사업자(VASP) 변경 신고에 어려움을 겪던 고팍스의 대표로 부임했지만 그해 9월 퇴사한 그는 코인원에서도 얼마 못 가 자리를 옮겼다. 23일 가상자산 업계에 따르면 지난해 12월 말 코인원을 퇴사한 이중훈 전 CSO는 현재 팔란티어 'deployment strategist'(실행전략 담당)에 재직하고 있다. 팔란티어는 인공지능(AI) 시스템으로 방위산업시장에서 두각을 나타내고 있는 곳으로 최근 우크라이나와 러시아 전쟁에서 데이터 분석 플랫폼 '고담'으로 주목받았다. 코인원 관계자는 ""이중훈 전 CSO가 작년 말 회사를 그만둔 것이 맞다""고 확인했다.  1981년생인 이 전 대표는 KAIST 전산학과를 졸업하고 마이크로소프트에서 소프트웨어 엔지니어로 일했다. 이후 미국 하버드대 로스쿨에서 학위를 취득한 뒤 홍콩 골드만삭스를 거쳐 메리츠증권 파생상품 본부장을 역임하기도 했다. 메리츠증권 파생본부장 시절 증권업계 최연소 임원으로 주목받았고 메리츠증권을 국내 최고 파생상품 기업으로 성장시켰다는 평가가 나온다.  그는 2022년 4월 가상자산 거래소 고팍스를 세운 이준행 창업주와의 인연으로 고팍스 CSO 겸 부대표가 됐다. 고팍스는 당시 가상자산 산업에 대한 높은 이해와 전문성뿐 아니라 글로벌 정보기술(IT)업계 및 금융업계의 이론과 실무를 두루 겸비한 최고의 전문가라며 영입 이유를 밝혔다. 하지만 시장 상황이 악화되면서 ""글로벌 최고 수준의 가상자산 금융 플랫폼 기업으로 발돋움하는 데 주도적인 역할을 하고 싶다""는 그의 바람도 무위에 그쳤다. 고팍스는 한때 세계 2위 가상자산 거래소 'FTX'의 파산으로 유동성 공급이 흔들리면서 위기를 맞았다. 바이낸스가 구원투수로 등장했지만 금융정보분석원(FIU)이 고팍스의 VASP 변경 신고에 미온적인 태도를 보이면서 위기가 이어지고 있다.  이중훈 당시 부대표가 지난해 6월 신임 대표로 영전하면서 해당 작업을 이끌었으나 선임 46일 만에 대표직을 내려놨다. 그해 9월 초 고팍스를 떠나 코인원 CSO로 자리를 옮겼다. 시장 점유율이 한자리수에 머물러 있는 코인원은 올해 7월 가상자산법 시행에 맞춰 사업전략을 구상하기 위해 지난해 10월 그를 영입했다.  이중훈 전 CSO는 ""코인원과 안 좋게 끝낸 것은 아니다""라며 ""가상자산 대신 다른 분야에 도전하고 싶었다""고 말했다. 
]"
"[작년 K-방산 '빅4' 매출·영업익 '껑충'…""수출 증가 영향""]",https://n.news.naver.com/mnews/article/001/0014458667?sid=100,"[
한화에어로 'K9', KAI 'FA50', 현대로템 'K2', LIG넥스원 '천궁' 등 실적견인""올해도 폴란드 등 수주잔고 바탕 성장 지속…수출금융 확대 등 지원 필요""



K-방산 (PG)[구일모 제작] 사진합성    (서울=연합뉴스) 김동규 기자 = 지난해 'K-방산' 수출 호조에 힘입어 국내 4대 방산기업의 매출이 전년 대비 20% 넘게 성장하고 영업이익도 50% 가까이 증가했을 것으로 예상된다.     올해도 넉넉한 수주잔고와 추가 수주가 이어져 K-방산의 성장세는 이어질 것으로 보인다.    22일 연합인포맥스가 증권사들의 최근 3개월간 컨센서스(시장 기대치)를 종합한 결과, 한화에어로스페이스, 한국항공우주산업(KAI), 현대로템, LIG넥스원 등 4대 방산기업의 작년 합산 매출은 18조2천825억원으로 추정된다. 전년(14조7천106억원)에 비해 24.3% 증가한 것이다.    4대 방산기업의 지난해 합산 영업이익 추정치는 전년(8천454억원)보다 48.9% 늘어난 1조2천587억원이다. 



한국 주요 4개 방산업체의 2023년 매출액 및 영업이익 컨센서스 (단위:억원)[연합인포맥스 컨센서스 발췌 종합]한화에어로스페이스의 작년 매출은 8조7천250억원, 영업이익은 6천577억원으로 전년 대비 각각 33.4%, 74.4% 늘어날 것으로 전망됐다.     한화에어로스페이스는 스웨덴 싱크탱크인 스톡홀름 국제평화연구소(SIPRI)가 평가한 세계 100대 방산기업 중 48위 업체로, 전체 매출에서 방산 분야가 차지하는 비중은 50% 수준이다.    이 회사는 지난 2022년 7월 폴란드 군비청과 K-9 자주포 672문, 다연장로켓 천무 288대를 수출하기 위한 기본계약을 체결하고, 그해 8월 K-9 212문, 11월 천무 218대의 1차 수출계약을 맺었다. 이후 지난해 12월 K-9 152문 등의 2차 수출계약을 완료했다.



미 방산전시회에 전시된 한화에어로스페이스의 K-9 자주포 등 한국 무기들[연합뉴스 자료사진]2022년 하반기부터 K-9 등이 폴란드에 인도되면서 관련 실적이 지난해 반영되기 시작했다. 또 지난 2022년 이집트와 계약한 2조원 규모의 K-9 수출 실적은 올해부터 반영된다.    폴란드와의 K-9 잔여 계약(284문 규모)도 남아있다. 아울러 1조원 규모의 루마니아 자주포 도입 사업과 1조2천억원 규모의 영국 자주포 획득(MFP) 사업 등의 수주에도 나설 예정이다.    한국투자증권은 최근 보고서에서 ""K-9 자주포의 경쟁력을 바탕으로 추후 수주 가능한 파이프라인이 다수 존재한다""며 ""이미 확보해 놓은 해외 수주잔고가 매출로 이어지며 실적이 성장할 것""이라고 평가했다.    한국형 초음속 전투기 KF-21과 경공격기 FA-50 등을 생산하는 KAI는 지난해 3조7천181억원의 매출과 2천306억원의 영업이익을 올린 것으로 전망됐다. 이는 전년 대비 각각 33.4%, 62.9% 증가한 실적이다.    국내 항공·우주 부문의 수주를 기본으로 최근 증가한 수출이 실적을 견인하고 있다.    KAI는 2022년 폴란드와 FA-50 48대 수출계약을 체결하고 지난해 FA-50GF 12대를 인도한 데 이어 내년부터 2028년까지 폴란드의 요구에 맞춰 성능 개량 버전인 FA-50PL(Poland) 36대를 순차적으로 납품할 예정이다.



격납고에서 나오는 한국형 전투기 KF-21(사천=연합뉴스) 지난해 5월 9일 경남 사천 한국항공우주산업(KAI) 본사 격납고에서 한국형 전투기 KF-21이 나오고 있다. 2023.5.10 [사진공동취재단] photo@yna.co.kr작년에는 말레이시아에 FA-50 18대(약 1조2천억원)를 수출하는 성과 외에 뚜렷한 해외 실적이 없었지만, 현재 이집트와 FA-50 수출 물량을 논의하고 있고, 슬로바키아의 고등훈련기 교체 사업과 미국의 공군·해군 훈련기 도입 사업 수주를 준비하는 등 올해 추가 수주 가능성이 높다.    K-2 전차를 앞세운 현대로템은 작년 매출이 3조4천335억원으로 전년 대비 8.5% 증가하고, 영업이익은 1천785억원으로 21.0% 증가하는 것으로 나타났다.    현대로템은 SIPRI 기준 세계 98위 방산 업체로, 전체 매출에서 방산 부문이 차지하는 비중은 2022년 37%에서 2023년 48% 수준으로 올라갈 전망이다.    현대로템은 재작년 폴란드와 1천대 규모의 K-2 전차 수출 기본계약을 맺었다. 1차 계약분 180대에 이어 현재 820대에 대한 잔여 계약을 추진하고 있다.



현대로템 K2 전차 폴란드 갭필러 출고식[연합뉴스 자료사진]폴란드에 K-2 전차가 인도되는 2025년까지 현대로템의 실적은 개선될 것으로 전망된다. 다만 폴란드와의 추가 계약 진행 상황과 '전차 러브콜'이 이어지고 있는 루마니아와 리투아니아 등 유럽에서의 추가 수주 여부가 이후 성장의 지표가 될 것으로 업계는 보고 있다.    유도 무기 전문업체인 LIG넥스원 역시 작년 매출은 2조4천59억원, 영업이익은 1천919억원으로 각각 전년보다 8.3%, 7.1% 증가할 전망이다.    SIPRI 기준 세계 67위 방산기업인 LIG넥스원은 한국형 미사일 방어체계의 핵심 기업으로, 매출의 대부분이 방산 부문에서 발생한다. 내수 비중이 높지만, 지난해 수출 비중이 20%를 넘길 것으로 전망됐다.



LIG넥스원, 말레이시아 'LIMA 2023' 첫 참가[LIG넥스원 제공. 재판매 및 DB 금지]유도무기의 경우 기밀 유지를 위해 각국이 수주 정보 공개를 꺼리지만, 대규모 신규 수주 발생과 수주잔고 증가 이력을 통해 LIG넥스원의 수출은 지속적으로 증가하고 있음을 알 수 있다.    LIG넥스원의 수주잔고는 작년 3분기 기준 12조641억원에 달한다.    올해도 천궁-Ⅱ의 아랍에미리트(UAE) 계약을 비롯해 수주잔고가 매출로 점차 실현될 예정이다.     아울러 업계에서는 LIG넥스원과 사우디아라비아의 천궁-Ⅱ 수출 계약이 가시권에 든 것으로 보고 있다. 사우디와의 계약 규모가 UAE와 마찬가지로 2조6천억원 이상일 것으로 전망된다.    방산업계 한 관계자는 ""분단 상황에서 자주국방을 위해 실력을 키워온 K-방산이 세계 무대에서 경쟁력을 인정받으며 수출 증대에도 기여하고 있다""며 ""올해 전망도 밝지만 미래 경쟁력 제고를 위해서는 수출금융 확대 등 정부와 국회의 관심이 필요하다""고 말했다.    dkkim@yna.co.kr
]"
"[국방부, 미 방산·군수협력 워크숍 참석…방산업체 MRO 참여 논의]",https://n.news.naver.com/mnews/article/003/0012331686?sid=100,"[
인태지역 무기체계 운영·유지 군수협력 강화국내업체 협력·정비산업 구축 우수사례 공유



[서울=뉴시스] 지난 1월 18일부터 19일까지 미국 하와이 아태연구소에서 미 국방부 주최로 열린 '방산·군수협력 워크숍'에 참석한 인도-태평양 및 유럽지역 15개국 대표들이 기념사진을 촬영하고 있다. 사진 맨 앞줄 왼쪽 3번째부터 미국 하와이 아태연구소장, 이갑수 국방부 군수관리관, 미 국방부 군수 차관보(Lowman), 미 국방부 산업기반정책 차관보(Taylor-Kale). (사진=국방부 제공) 2024.01.22. photo@newsis.com *재판매 및 DB 금지[서울=뉴시스] 옥승욱 기자 = 국방부는 지난 18일부터 19일까지 미국 하와이 아태연구소에서 미 국방부가 주최하는 '방산·군수협력 워크숍'에 참석해 주요 국가 간 방산 및 군수 분야 협력 강화 방안에 대해 심도있게 논의했다고 22일 밝혔다.이번 워크숍에는 이갑수 국방부 군수관리관과 미 국방부 군수 차관보, 산업기반정책 차관보 등 미 국방부 고위관계자가 참석했다. 이들은 인도-태평양 지역 미군 장비의 한국방산업체 정비(MRO) 산업 참여 확대를 위해 진입장벽과 장애요소, 글로벌 공급망 구축에 대한 미 정부, 동맹국 차원에서 협력 및 조치해야 할 소요 등을 논의했다.미 국방부는 최근 급변하는 안보환경과 불확실한 공급망, 지역분쟁 증가로 인해 인도-태평양 지역을 중심으로 동맹국의 방산 및 군수역량을 활용한 정비(MRO) 산업 참여 확대의 필요성을 느끼고 주요 국가들과의 상호 협력을 강화하기 위해 이번 행사를 마련했다.이번 방산·군수협력 워크숍에는 한국을 포함해 호주, 일본, 영국, 독일, 프랑스, 캐나다 등 총 15개국의 인도-태평양 및 유럽지역 주요 국가들도 참석해 다양한 의견을 제시하고 협력 향상 방안에 대해 논의했다.특히, 이번 행사 간 미 국방부의 요청으로 대한항공, 선진엔텍(SUNJIN ENTECH), 엘아이지넥스원(LIG NEX1), 한화 등 국내 방산업체의 국제협력을 통한 정비(MRO) 산업 구축 우수사례를 주제로 발표했다. 국방부 관계자는 ""한국방산업체의 우수한 기술 수준과 능력, K-방산의 우수성을 다시 한번 세계에 알리는 좋은 기회가 됐다""며 ""한국방산업체가 인도-태평양 지역 미군 장비의 정비(MRO) 산업 참여 확대를 위해 시범사업을 추진할 수 있는 기틀을 마련했다""고 평가했다.또한 ""이번 워크숍을 통해 주요 국가 간 방산 및 군수분야 협력을 한층 더 강화하는 됐다""며 ""인도-태평양 지역 미군 장비에 대한 한국방산업체의 정비 지원 확대로 한미 연합전력의 전투준비태세 향상은 물론, 세계 평화와 안정에 기여할 수 있을 것""이라고 기대했다.
]"
"[[K방산 대해부]③한화시스템, 독보적 기술력…신사업 적자에 주가 부진]",https://n.news.naver.com/mnews/article/277/0005370321?sid=101,"[
방산, 매출 70% 차지…45년 넘는 업력AESA 레이더 등 방산수주 이어져신사업 부문 적자…주가도 '아쉬움'편집자주가격 경쟁력과 빠른 공급 능력을 갖춘 한국 무기에 전 세계가 주목하고 있다. 미국 대형 투자은행(IB) 골드만삭스는 올해 유망 투자처로 K방산주를 지목했다. 골드만삭스는 ""전 세계 군수 시장에서 한국 방산주가 차지하는 강력한 입지를 감안할 때 방산주는 지정학적 위험을 피할 수 있는 좋은 투자처""라고 소개했다. 앞서 CNN은 ""한국이 방위산업의 메이저리거가 됐다""고 했고, 포브스는 ""한국이 조용히 세계 최대 무기 공급 국가 중 하나가 됐다""고 언급했다. 러시아-우크라이나 전쟁 발생 이후 글로벌 방위산업 환경의 급격한 변화가 이뤄지면서 K방산에 대한 주목도가 높아진 것이다.  K방산에 대한 관심은 '반짝 흥행'으로 끝날 것인가, 지속 성장 가능한 경쟁력을 가지는가. K방산 대표기업인 한화에어로스페이스, LIG넥스원, 한화시스템의 강점과 약점, 위협과 기회 등을 분석했다.K방산의 최전선인 한화에어로스페이스의 자회사 한화시스템은 방위산업 부문에서 45년이 넘는 업력을 자랑한다. 1977년 삼성정밀로 출발해 이듬해 '1급 방산업체'로 지정됐다. 2015년 한화그룹으로 편입되면서 지금의 이름을 갖게 됐다.사업구조는 크게 세축이다. 방위사업과 정보통신기술(ICT) 사업, 그리고 신사업이다. 여기서 방위산업 부문이 전체 매출의 70%가량을 담당한다. 방산전자 분야 핵심기술을 바탕으로 ▲항공·우주 ▲감시정찰 ▲지휘통제·통신 ▲해양·지상시스템 등 첨단 제품을 주로 국군의 필요에 맞춰 개발하고 판매한다.독보적인 방산 기술력은 견조한 실적의 밑바탕이 됐다. 2021년 방산 부문 매출액과 영업이익은 각각 1조5140억원, 930억원이었다. 이듬해엔 매출액 1조6410억원, 영업이익 900억원을 기록했다. 지난해 추정치 매출액은 1조7990억원, 영업이익은 1080억원으로 안정적인 성장세를 이어갈 전망이다. 매출액의 절반은 주요 매출처인 방위사업청에서 나왔다. 방산부문 수주잔고는 2021년 5조2560억원, 2022년 5조6220억원이었다. 지난해 수주잔고 추정치는 6조5410억원이며, 올해는 7조7540억원을 기록할 것으로 보인다.



K방산 위상에 실적 가속도…""지난해 말 1조3000억 방산 수주""최근 K방산의 위상이 강화하고, 지정학적 불안감이 커진 점이 호재다. 이동헌 신한투자증권 연구위원은 ""방산 분야에선 지난해 12월에만 총 7건, 합계 1조3000억원의 방산 수주가 쏟아졌다""며 ""향후 KF-21 초도양산 사업, LAH 2차 양산, FFX 배치4, 사우디 M-SAM, 폴란드 K2전차, K9자주포 등 사업계약이 이어진다. 방산업체의 전반적인 성장과 궤를 같이한다""고 설명했다.KF-21 탑재를 위해 개발한 다중위상배열(AESA) 레이더 역시 성장 동력으로 자리 잡았다. 장남현 한국투자증권 연구원은 ""무기체계가 첨단화될수록 한화시스템 제품의 비중이 커지고 있다. 현재 가장 주목할 것은 AESA 레이더""라며 ""향후 KF-21 양산 사업 시작과 함께 한화시스템 매출 역시 증가할 것""이라고 짚었다. AESA 레이더를 포함한 한화시스템의 장비는 KF-21 사업 전체 금액에서 10%~20% 정도를 차지할 것으로 추정된다. AESA 레이더는 KF-21 뿐 아니라 방공 및 유도 무기체계에도 탑재된다.통신 및 관측 위성 사업도 고성장이 예상되는 분야다. 이재광·이승영 NH투자증권 연구원은 ""지난해 12월 군용 우주인터넷 개발을 체결했다. 2026년까지 관계회사인 유텔샛원웹의 저궤도 위성통신망을 활용해 군에 적합한 통신망을 구축하고, 보안성을 높인 차량·함정용 이동형 전자식 빔 조향 안테나(ESA) 위성 단말기를 개발할 예정""이라고 말했다. 그러면서 ""관측 위성뿐 아니라 민간 저궤도위성을 활용한 군통신위성체계에 원웹 위성군이 채택되면서, 군수 사업은 물론 향후 민수 위성통신 사업에 대한 확장성까지 보유했다""고 분석했다.지난해 12월4일 자체 개발 및 제작한 소형 합성개구레이더(SAR) 위성을 발사하기도 했다. 지상 기지국과 성공적인 교신까지 마쳤다. 군 정찰위성 SAR 2, 3호기도 오는 4월, 11월 각각 발사될 예정이다. SAR은 공중에서 지상 및 해양에 레이더파를 순차적으로 쏜 후 굴곡 면에 반사돼 돌아오는 미세한 시차를 선착순으로 합성해 지상 지형도를 만들어 내는 시스템이다. 한화시스템은 ""해외 의존도가 높았던 위성 제조·발사 분야의 국내 기술력을 증명해 낸 것으로, 우주 강국들이 기술 패권을 유지하기 위해 수출을 통제해 왔던 분야에서 국내 첫 국산화를 이뤄냈다는 점에서 의미가 크다""고 설명했다.""아쉬운 주가, 신사업 부문서 수익 나와야""다만 이 같은 독보적인 기술력에도 불구하고, 최근 수년간 한화시스템의 주가는 크게 반등하지 못했다. 한화시스템은 2019년 유가증권 시장에 상장됐다. 상장 첫날 종가는 공모가(1만2250원)보다 낮은 1만1100원이었다. 종가 기준으로 공모가를 넘긴 것은 상장 10개월 만인 이듬해 9월이었다. 하지만 주가는 계속 지지부진했다. 2021년 3월31일 종가 2만2100원을 기록한 뒤 주가가 하향 곡선을 탔고, 2022년 10월13일 종가는 1만250원까지 떨어졌다.



주가 부진의 가장 큰 원인 중 하나는 방산이 아닌 신사업 부문의 적자다. 한화시스템은 위성 사업과 도심항공교통(UAM), 블록체인 플랫폼 등에 사업 투자를 지속하고 있는데, 하지만 이익 창출이 어려운 만큼 개발비 부담도 크다. 장 연구원은 ""한화시스템의 자기자본이익률(ROE)은 올해 4.4%, 내년 6.5%를 기록하겠다. 다만 이는 자기자본비용(COE) 17.1%를 밑도는 것""이라며 ""미래 신사업 투자에 대한 이익 회수 관련 우려가 COE를 높이는 동시에, ROE 추정치 상승을 제한했기 때문""이라고 말했다. 그러면서 ""결국 신사업 부문에서 투자금액을 회수하는 것이 중요하다. 2021년과 2022년의 신사업 부문 영업이익은 각각 237억원 적자, 697억원 적자를 기록했다. 또한 올해 3분기 누적 영업이익도 336억원 적자였다""며 ""신사업 부문의 이익 전환 시기는 2026년 이후로 예상되지만, 개발 사업의 특성상 불확실성이 존재한다. 적자가 예상 시점을 넘겨 지속된다면, 이는 투자심리 저하로 이어질 것""이라고 지적했다.다만 한화시스템의 주가는 지난해 10월부터 반등 중이다. 지난해 10월6일 1만1720원이던 주가는 점차 올라 전날 1만8560원에 거래를 마쳤다. 최근 3개월 수익률은 약 52%다. 이한결 키움증권 연구원은 ""민간 저궤도 통신위성을 활용한 군용 저궤도 위성 통신망 구축을 위해 신속 시범사업 협약을 체결했다. 연말까지 오버에어 UAM 시제기 제작을 완료하고, 내년 초 시범 비행이 진행될 것""이라며 ""주요 신산업이 착실하게 진행되고 있다""고 말했다.
]"
"[[K방산 대해부]②美로봇업체 인수한 LIG넥스원, 글로벌 수주 경쟁력은]",https://n.news.naver.com/mnews/article/277/0005370320?sid=101,"[
오로지 방산에 집중…군비 축소 기조에 취약로봇 분야에서 미래 성장 동력 확보 집중증권가, 올해 말 수주잔고 15조 돌파 전망편집자주가격 경쟁력과 빠른 공급 능력을 갖춘 한국 무기에 전 세계가 주목하고 있다. 미국 대형 투자은행(IB) 골드만삭스는 올해 유망 투자처로 K방산주를 지목했다. 골드만삭스는 ""전 세계 군수 시장에서 한국 방산주가 차지하는 강력한 입지를 감안할 때 방산주는 지정학적 위험을 피할 수 있는 좋은 투자처""라고 소개했다. 앞서 CNN은 ""한국이 방위산업의 메이저리거가 됐다""고 했고, 포브스는 ""한국이 조용히 세계 최대 무기 공급 국가 중 하나가 됐다""고 언급했다. 러시아-우크라이나 전쟁 발생 이후 글로벌 방위산업 환경의 급격한 변화가 이뤄지면서 K방산에 대한 주목도가 높아진 것이다.  K방산에 대한 관심은 '반짝 흥행'으로 끝날 것인가, 지속 성장 가능한 경쟁력을 가지는가. K방산 대표기업인 한화에어로스페이스, LIG넥스원, 한화시스템의 강점과 약점, 위협과 기회 등을 분석했다.50년 방위산업 외길 LIG넥스원‥'정밀타격' 미사일 매출 50% 이상 LIG넥스원의 주력은 정밀타격 무기 즉 미사일이다. 2조원이 넘는 이 회사 연간 매출액의 절반 이상이 미사일 부문에서 발생한다. 항공기를 요격하는 미사일(천궁), 항공기 뿐 아니라 미사일까지 요격하는 미사일(천궁2), 보병이 들고 다니면서 쏠 수 있는 휴대용 미사일(신궁), 전차 잡는 미사일(현궁), 해안 방어용 미사일(비궁) 등이 있다. 최근에는 전투가 벌어졌을 때 지휘부가 판단할 데이터를 수집하는 통신 시스템 매출 비중도 크게 늘고 있다. 통신 매출은 2021년 전체 매출액의 10% 수준이었는데 2023년 3분기 기준 20%대로 늘어났다. 이외에도 적군을 탐지하는 역할을 하는 감시정찰, 드론 등 미래 전투 장비 등도 사업으로 하고 있다. 원래는 한국 내에서 무기를 공급하는 내수 중심의 회사였는데 최근 수출 비중이 많이 늘어났다. 2021년 내수 비중 95.5%에서 2023년 3분기 기준 수출 비중 17.5%로 내수와 수출 비중이 크게 조정되고 있다.LIG넥스원은 미사일이 주력이고, 전차나 자주포 공급처가 아니다 보니 재작년부터 이어진 폴란드 방산 수출 수혜를 누리진 못했다. 그간 다른 방산업체에 비해 저평가받아온 이유이기도 하다. 하지만 중동 및 동남아시아 지역을 중심으로 수출이 늘고 있다. 중동에서는 미사일을, 동남아에서는 통신 장비를 원한다. 지난해 아랍에미리트(UAE)가 LIG넥스원의 미사일 천궁2를 약 4조원가량 주문하는 등 해외수주가 급격하게 늘었다. 최근 수출 비중이 늘어난 통신 장비 등은 인도네시아 수출로 실적을 내고 있다. 인도, 베트남, 브라질 등 최근 국방비가 급격하게 증가하는 국가들에 수출하기 위해 공을 들이고 있다. 최근에는 미군에 공급하는 로봇 방산기업을 인수하면서 새로운 활로가 열렸다.현대로템은 기차 사업을 하고, 한화에어로스페이스는 위성 사업을 하는 등 다른 K방산 기업들은 방산 외에도 사업 부문을 가지고 있지만, LIG넥스원은 오직 방산에 집중한다. 방산 기술에 집중할 수 있다는 긍정적 측면이 있지만, 수출 비중을 크게 늘려놨는데 K방산의 인기가 시들해지거나, 글로벌 군비 축소 기조에 접어들 경우 다른 사업 부문이 없다는 점은 약점으로 작용할 수 있다. 



미래먹거리 숙제 진행 중‥글로벌 M&amp;A 통한 신성장 동력 마련LIG넥스원은 지난해 말 미국 필라델피아 소재 로봇 개발 및 제조업체인 고스트 로보틱스의 지분 60%를 2억4000만달러(약 3150억원)에 인수했다. 그간 정밀유도 무기와 레이다 등 부품 성격의 제품만 공급해 온 LIG넥스원이 로봇이라는 명확한 플랫폼을 갖게 된 중요한 전환점으로 볼 수 있다. 장남현 한국투자증권 연구원은 ""고스트로보틱스 인수는 두 가지 측면에서 긍정적""이라고 분석했다. 첫 번째는 로봇 분야에서 미래 성장 동력 확보다. 고스트로보틱스 자체가 경쟁력 있는 기술력을 보유하고 있으며, LIG넥스원 기존 사업과의 시너지 발생 역시 가능하다. 사족보행 로봇에 LIG넥스원의 무기체계를 장착하거나, LIG넥스원의 기술력을 이용해서 로봇의 탐지 능력 및 전술 운용 능력을 향상할 수 있다. 두 번째로 미국 시장 진출을 용이하게 해준다. 미군은 이미 고스트로보틱스의 사족보행 로봇 '비전60'을 도입해 기지 순찰용으로 활용하고 있다. 이번 인수를 통해 LIG넥스원의 미국 무기체계 시장 진출이 가속화될 수 있다.고스트로보틱스의 대표모델인 비전60은 사족보행 로봇 시장 선도기업 중 하나인 보스턴다이내믹스의 스팟과 비교하면 최고속도, 런타임, 배터리 용량 측면에서 우위라는 평가를 받는다. 군사적 활용에도 가장 부합하는 사족 보행 로봇으로 알려져 있다. 바위, 모래, 언덕, 얼음, 눈, 계단 등 험로나 장애물 구간에서도 민첩하고 자연스럽게 움직인다. 영하 45도의 혹한과 영상 55도의 폭염에서도 작동한다. 한 대당 가격은 16만5000달러(약 2억1364만원) 수준이며, 여러 기능을 추가하면 5억원 수준까지 가격이 높아진다. 고스트로보틱스의 지난해 연간 매출액은 4000만달러(약 500억원)를 기록했다. 이상현 IBK투자증권 연구원은 ""향후 국내 방산용 다족보행로봇 분야에서 LIG넥스원-고스트로보틱스, 현대로템-레인보우로보틱스 등이 양강구도를 형성할 것으로 기대된다""고 말했다.



증권가에선 올해 말 LIG넥스원 수주잔고가 15조원을 넘어설 것이란 전망이 나온다. 지난해 3분기 기준 신규수주는 3706억원, 누적 수주잔고는 12조1000억원을 기록했다. 이는 2022년 매출 기준으로 보면 5.5년 치 일감이다. 2022년 12월 공시한 인도네시아 경찰청 무전기 사업 2건과 2023년 4월에 공시한 인도네시아 헬기 수리부속 사업이 아직 수주잔고에 미반영된 점과 연말 수주가 집중된 점을 감안하면 수주잔고 증가추세는 지속될 것으로 보인다. 미국에서 해외 비교시험 사업으로 테스트 중인 비궁도 수출 가능성이 높다는 분석도 나온다. 수출 성사 시 미국으로 수출되는 최초의 국산 무기체계가 될 것으로 예상된다. 아직 지난해 4분기 실적이 발표되지는 않았지만, 증권사 전망치 집계로는 연 매출 2조4000억원, 영업이익 2000억원 수준으로 예상된다. 2025년 매출 3조원, 영업이익 3000억원을 돌파할 것이란 전망도 나왔다. 이자 발생 부채는 점점 줄어드는 추세다. 2020년 6588억원에서 2022년 3663억원 수준으로 감소했다. 같은 기간 영업이익률은 3.98%에서 8.06%로 증가했다. 
]"
[방산업체 자문료 챙긴 전직★… “해결사 역할 안했다면 알선수재 무죄”],https://n.news.naver.com/mnews/article/009/0005247900?sid=102,"[
“구체적 해결 전제해야” 기준 첫 제시1·2심 유죄 선고 파기 환송



 대법원. [사진 = 연합뉴스]공무원 직무와 관련된 것이라도 회사 경영에 관한 포괄적 자문계약이라면 알선수재로 처벌할 수 없다는 대법원 판단이 나왔다. 구체적 현안 해결을 전제 해야 범죄에 해당한다는 설명이다. 대법원이 알선수재죄의 구체적 판단 기준을 제시한 건 이번이 처음이다.대법원 3부(주심 안철상 대법관)는 특정범죄가중처벌법상 알선수재 등 혐의로 기소된 A씨의 상고심에서 징역 1년에 집행유예 2년을 선고한 원심을 깨고 사건을 서울고법으로 돌려보냈다고 21일 밝혔다.A씨는 1975년부터 33년간 복무한 육군 장성 출신으로 2008년 전역했다. 그는 2015~2016년 B방산업체로부터 ‘회사 애로사항을 군 관계자에게 설명할 수 있도록 기회를 마련해달라’는 요청을 받고 자문계약을 맺었다. 대가로 5600여만원도 받았다. A씨는 C방산업체에도 “나를 고문으로 해주면 군에서 C사의 제품을 잘 활용할 수 있도록 해주겠다”고 독촉해 고문계약을 맺고 1900여만원을 수령했다.1·2심은 A씨의 알선수재죄 혐의를 전부 유죄로 보고 징역 1년에 집행유예 2년을 선고했다. 현행법은 공무원의 직무에 속한 사항을 알선해주는 등의 대가로 금품이나 이익을 수수·요구하거나 약속하면 5년 이하의 징역이나 1000만원 이하의 벌금에 처하도록 규정한다.대법원은 원심 판단을 뒤집었다. 대법원은 “구체적 현안을 전제하지 않고, 업무의 효율성·전문성을 위해 자문계약을 체결한 경우라면 알선수재가 아니라 통상의 노무제공 행위에 해당할 수 있다”고 판시했다. 그러면서 A씨가 B사와 맺은 계약은 B사의 사업 전반에 관한 것이라 구체적인 현안의 해결을 염두에 뒀다고 보기 어렵고, 그 대가로 받은 금액도 일반적인 자문계약의 보수액에 해당한다고 했다.대법원은 이번 판결로 특정범죄가중처벌법상 알선수재죄의 구체적인 판단 기준을 세웠다. 특정 현안이 존재하는지, 지급하는 보수가 중개 행위에 대한 대가 명목인지, 액수가 사회 통념상 일반적인 수준인지, 보수가 정기적·고정적으로 지급되는지를 고루 살펴야 한다는 것이다. 대법원 관계자는 “공무원의 직무에 속하는 사항에 관해 자문계약을 맺고 그 대가를 받았다고 해서 곧바로 특가법상 알선수재죄가 성립하지는 않는다는 점을 명시한 판결”이라고 설명했다.
]"
"[자문료 받은 전직 장성, 방산업체는 무죄·전투화는 유죄 이유는?]",https://n.news.naver.com/mnews/article/366/0000964179?sid=102,"[
‘알선수재죄’ 판단 기준 처음 제시



서울 서초구 대법원. /뉴스1        전직 육군 장성이 퇴역한 후 방위산업체와 전투화 제조업체로부터 자문료를 받았는데 대법원은 전투화 업체로부터 받은 금액에만 알선수재 혐의를 인정했다. ‘구체적 현안’ 여부가 알선수죄 유무죄를 갈랐다. 정부 부처를 상대하는 일반적인 대관 업무는 알선수죄 처벌 대상이 아니라는 판단이다.21일 법조계에 따르면 대법원 3부(주심 안철상 대법관)는 지난달 28일 특정범죄가중처벌법 위반(알선수재) 등 혐의로 기소된 이모씨에게 징역 1년에 집행유예 2년을 선고한 원심판결을 깨고 사건을 서울고법에 돌려보냈다.이씨는 1975년 소위로 임관해 2008년 소장으로 예편했다. 이후  2015~2016년 방위산업체 A사로부터 5594만원을, 기능성 전투화 제조업체 B사로부터 1934만원을 자문 계약 대가로 받았다.검찰은 이씨가 정상적인 자문 계약을 맺은 것이 아니고, 군 관계자에게 로비하는 대가로 돈을 받았다고 보고 알선수재 혐의로 기소했다. 현행법은 공무원의 직무에 속한 사항의 알선에 관해 금품이나 이익을 수수·요구하거나 약속할 경우 처벌한다.1심과 2심은 두 자문 계약 모두 알선수재죄가 성립한다고 보고 징역 1년에 집행유예 2년을 선고했다. 그러나 대법원은 A사 관련 자문 계약은 알선수재로 볼 수 없다며 사건을 파기했다.대법원은 “자문 계약이 구체적인 현안을 전제하지 않고 업무의 효율성·전문성·경제성을 위해 피고인의 전문적인 지식과 경험에 바탕을 둔 편의 제공에 대한 대가로서 보수가 지급되는 것이라면 통상의 노무 제공 행위로 알선수재 행위에 해당하지 않는다고 볼 여지가 있다”고 밝혔다.이씨와 A사가 체결한 계약은 경영일반에 관한 자문 용역을 제공하고 그 대가로 보수를 지급받는 내용이라고 볼 수 있다는 게 대법원 판단이다. 자문 계약은 사실상 A사의 사업 전반에 관한 것이어서 구체적인 현안 해결을 염두에 둔 것이라고 보기 어렵고, 지급한 보수도 회사 내부 규정에 따른 것이어서 알선 행위 대가로 보기에는 적다는 점이 근거다.대법원은 이씨가 B사와 맺은 자문 계약은 알선수재가 맞는다고 인정했다. 이씨는 알선수재 이외에 수뢰후부정처사·뇌물공여 등 혐의로도 기소됐으나 이 부분은 무죄 판단을 받았다.대법원은 이번 판결에서 알선수재죄의 판단 기준을 처음으로 제시했다. ▲구체적 현안이 존재하는지 ▲지급하는 보수가 ‘중개적 행위’에 대한 대가 명목인지 ▲액수가 사회 통념상 일반적인 수준인지 ▲보수가 정기적·고정적으로 지급되는지 등이다. 이씨가 B사와 맺은 계약은 이 기준에 해당한다는 게 대법원 판단이다.
]"
"[휘청이는 1월 증시…""반도체 믿고 방산·AI 담아라""]",https://n.news.naver.com/mnews/article/015/0004939190?sid=101,"[




사진=게티이미지뱅크코스피지수가 연초 6% 넘게 하락하며 힘겨운 1월을 보내고 있다. 좀처럼 증시가 반등세를 보이지 못하면서 수익률 방어가 가능한 종목들로 투자자들의 관심이 쏠리고 있다. 증권가에서는 반도체·방산·AI주를 주목하라는 조언이 나왔다. 21일 한국거래소에 따르면 코스피지수는 연초 이후 19일까지 14거래일 동안 6.87% 하락했다. 기준금리 조기인하 기대감이 수그러들고 실적 부진 우려가 커진 영향이다. 중동·동북아 정세도 불안해지며 증시 변동성을 키우고 있다.한국경제신문은 삼성, NH투자, 한국투자, KB, 키움 등 5개 등 주요 증권사 리서치센터를 대상으로 1분기 변동성 국면에 대처할 수 있는 종목을 추천받았다. 설문 결과 리서치센터 5곳 중 4곳은 삼성전자를 추천 종목으로 꼽았다. 연초 금리인하 기대감이 되돌려지면서 삼성전자는 지난 19일까지 4.8% 하락했다. 그럼에도 증시 조정 국면이 마무리되고 본격적으로 글로벌 경기가 회복되면 주가도 우상향할 것이라는 관측이다.  NH투자증권도 ""올 하반기 전반적인 메모리 가격 회복과 함께 밸류에이션(실적 대비 주가) 매력이 부각 될 것""이라고 했다. 지정학적 리스크를 방산주의 투자 기회로 삼아야 한다는 조언도 나왔다. 키움증권은 한화에어로스페이스·현대로템·LIG넥스원을 각각 추천했다. 한국투자증권은 한화에어로스페이스, KB증권은 한화시스템을 각각 추천 종목으로 꼽았다. 한화에어로스페이스는 연초 이후 19일까지 16.1%, 한국항공우주(KAI)는 10.8%, 한화시스템은 7.3% 올랐다. 현대로템은 0.5% 하락하는 데 그쳐 코스피지수 대비 선방했다. LIG넥스원은 지난달 급등 여파로 연초 이후 6.9% 내려가며 비교적 부진했다. KB증권은 ""우주항공 관련 정부 예산의 확대와 우주항공청 설립 등 정책적 수혜도 기대해볼 수 있다""고 했다. 변동성 국면이 지난 2분기 주목해야 할 업종으로는 AI·인터넷이 가장 많이 꼽혔다. KB증권은 ""올해 중반부터는 금리인하 등의 영향으로 소비재도 반등할 것""이라며 ""반도체 등 경기민감주 강세에서 AI와 같은 주도주들이 더 돋보일 것""이라고 했다. NH투자증권도 ""올해는 AI가 본격적으로 상용화된 서비스로 등장하게 될 것""이라며 ""AI 관련 소비자 시장과 기업 시장에서 모두 돈을 벌 수 있는 네이버를 주목해야 한다""고 했다.
]"
"[한화, 우주항공·방산·태양광…성과 앞당긴다]",https://n.news.naver.com/mnews/article/015/0004939638?sid=101,"[
김승연 회장 ""차원 다른 목표에 그레이트 챌린저 되자""



한화에어로스페이스 엔지니어들이 누리호 엔진을 정비하고 있다. /한화 제공김승연 한화그룹 회장은 올해 신년사에서 “차원이 다른 목표를 달성하기 위해 끊임없이 도전하고 스스로 혁신하는 그레이트 챌린저(great challenger)가 돼야 한다”고 말했다. 혁신을 통해 신규 사업을 꾸준히 발굴하라는 주문이다. 대우조선해양을 인수하는 등 국내 최대 방위산업 기업으로 성장한 한화그룹은 우주산업으로까지 영역을 넓히고 있다.한화는 민간이 우주 개발을 주도하는 ‘뉴 스페이스 시대’에 맞춰 선제적인 투자로 우주사업에 적극 나서고 있다. 국내에서 유일하게 우주 발사체에서부터 관측통신 위성, 탐사 등 전반을 다루는 ‘우주 밸류체인’을 구축하고 있다는 것이 최대 장점이다.누리호 발사체 기술은 한화에어로스페이스가 보유 중이다. 한화시스템과 쎄트렉아이는 위성 기술에서 선도 기업으로 평가받는다. 위성 통신을 통해 도심항공모빌리티(UAM), 스마트 선박, 자율주행차 등에 활용할 통신 인프라를 제공할 수 있다는 것이 한화그룹의 비전이다. 그룹 관계자는“‘초연결 사회’를 구축하고, 관측 위성이 얻은 빅데이터를 인공지능(AI)으로 분석한 데이터 서비스도 제공할 계획”이라고 말했다. 이를 뒷받침하기 위해 우주사업 전반에 걸친 신입·경력 인재 확보에도 적극 나서고 있다.전통 방산 분야에서도 가시적인 성과를 내고 있다. 한화에어로스페이스는 지난해 K9자주포와 천무 등 총 8조원이 넘는 수출 계약을 체결한 데 이어 올해 12월 약 3조4758억원 규모의 2차 실행계약을 맺었다. 지난해 12월 호주 육군의 미래형 궤도 보병전투장갑차량(IFV) 공급사업을 수주하기도 했다. 레드백 129대를 공급하는 약 3조2000억원 규모의 계약으로 미국, 영국, 독일의 선진 방산업체를 제친 결과다. 기존 한국군 도입 장비가 아니라 특정 국가를 목표로 개발한 수출형 장비가 계약에 성공한 것은 국내에서 처음 있는 일이다.한화오션은 한국 해군의 잠수함 건조사업(KSS-1)을 통해 처음으로 1200t급 잠수함 ‘장보고함’을 건조했다. 이후 1800t급 잠수함, 3000t급 신형 잠수함, 해외 수출 잠수함 등을 성공적으로 건조하며 대한민국 잠수함의 역사를 쓰고 있다. 지난해 12월에는 ‘장보고-Ⅲ 배치-Ⅱ’ 3번함을 재수주하며 잠수함 명가의 위상을 높이기도 했다.한화그룹이 주목하는 또 하나의 분야는 태양광 발전이다. 한화큐셀은 최근 신재생에너지 확대에 강력한 드라이브를 걸고 있는 미국에서 북미 최대 규모의 태양광 통합 생산단지 ‘솔라 허브’ 구축을 위한 대규모 투자 계획을 본격 발표했다. 총 3조4000억원을 투자해 미국 조지아주 돌턴 지역에 위치한 태양광 모듈 공장을 기존 1.7GW에서 5.1GW로 증설하고, 카터스빌 지역에 잉곳·웨이퍼·셀·모듈을 각각 3.3GW 생산할 수 있는 공장을 신설한다.솔라 허브가 본격 가동을 시작하는 올해 말부터 한화큐셀의 미국 내 모듈 제조 능력은 총 8.4GW에 육박하게 된다. 한화큐셀은 미국에서만 8.4GW의 모듈 생산 능력을 확보하며, 북미 기준으로 실리콘 셀 기반 모듈을 제조하는 기업 가운데 최대 제조 기업으로 올라설 전망이다.
]"
"[방산업계, 국회 수은법 개정 지연에 수출 무산 '속앓이']",https://n.news.naver.com/mnews/article/003/0012330240?sid=101,"[
폴란드 2차 계약 물량이 더 많은 한화에어로·현대로템정책금융 지원 지연에 폴란드 2차 계약 차일피일 연기수은법 빠른 처리 불발시 폴란드 수출 축소·무산 우려↑



[서울=뉴시스]지난 26일(현지시간) 폴란드에서 열린 K2 전차 계약 체결식. 사진 왼쪽부터 마리우시 브와슈차크 폴란드 부총리 겸 국방장관과 이용배 현대로템 사장.(사진=현대로템 제공) 2022.8.29 photo@newsis.com [서울=뉴시스] 김동현 기자 = 방산업계가 한국수출입은행의 법정자본금 한도를 높이는 수출입은행법(이하 수은법) 개정안 처리가 국회에서 지연되며 속앓이를 하고 있다. 여야 모두 방산 수출 활성화를 위해 수은법을 개정해야 한다는데 공감하고 있지만 6개월이 넘도록 입법이 지연되고 있다. 일각에선 지난 15일 시작한 임시국회에서도 수은법 개정안이 처리되지 않으면 21대 국회의원 임기 내 처리가 불가능할 수 있다고 우려한다. 이 경우 폴란드 2차 무기 수출 계약이 대폭 축소되거나, 심지어 무산 수순을 밟을 수 있다. 폴란드 2차 계약 물량 더 많은 한화에어로·현대로템21일 업계에 따르면 국내 방산기업들은 2022년 7월 폴란드와 무기 수출 기본 계약을 체결하고 같은 해 8월 K-2 전차 180대, K-9 자주포 212문, FA-50 48대 등 17조원 규모의 1차 실행계약을 체결했다.기업별로 한화에어로스페이스는 2022년 7월 폴란드 군비청과 K9 672대, 다련장로켓 천무 288대를 수출하기 위한 기본계약을 체결했다. 같은 해 8월에는 K9 212대, 11월에는 천무 218대도 계약했다.현대로템도 폴란드와 1000여대의 K2 전차 수출하는 계약을 맺었다. 1차 계약에서 폴란드와 K-2 전차 180대 수출을 확정했다. 한국항공우주산업(KAI)는 FA-50 전투기 48대를 대상으로 무기 수출 계약과 1차 실행 계약 체결을 끝냈다. 한화에어로스페이스와 현대로템은 1차 계약보다 2차 실행계약 물량이 더 많았다. 2차 계약 규모는 K-2 전차 820대와 K9 자주포 460문 등 30조원어치에 달했지만 국가 간 대규모 무기 거래라는 특수성 때문에 계약 무산 걱정은 없었다.



[키엘체(폴란드)=뉴시스] 지난 5일(현지시간) MSPO 전시장 외부에서 폴란드 K2 전차병(35세) 체자르 크라쳭이 K2전차 앞에서 엄지를 세우고 있다. (사진=한국방위산업진흥회 제공) 2023.09.07. photo@newsis.com *재판매 및 DB 금지 정책금융 지원 지연에 폴란드 2차 계약 차일피일 연기문제는 폴란드와의 2차 계약은 수출입은행의 법정 자본금이 15조원으로 제한돼 한국 측에서 정책금융을 지원해주지 못하고 있다는 점이다. 무기 수출을 지원하기 위해 국회에선 수출입은행 자본금 한도를 25조~35조원으로 상향 조정하는 개정안이 발의됐지만 여야 정쟁에 휘말려 해당 상임위원회 문턱도 넘지 못하는 상황이 반복됐다. 이런 상황에서 폴란드 정권이 8년만에 교체돼 일은 더 꼬이고 있다. 폴란드 새정부는 한국과 체결한 방산 계약의 금융자금이 존재하지 않는다고 불만을 내비치거나, 이전 정부의 정책을 뒤집으려는 움직임까지 포착된다. 상황이 급변하자 한화에어로스페이스의 경우 수은법 자본금 한도 상향을 기다리지 않고 KB국민·신한·하나·우리·HN농협 등 5대 은행으로부터 공동대출을 받아 지난해 연말 약 3조4474억원(약 26억 달러) 규모의 2차 실행계약을 체결하기도 했다. 수은법 빠른 처리 불발시 폴란드 수출 축소·무산 우려↑현재 한화에어로스페이스의 K9 수출물량 672대 중 남은 300여대와 현대로템의 K2 전차 수출물량 1000여대 중 남은 820여대의 수출은 언제 이뤄질 지 기약이 없는 상태다. 폴란드 정부가 2차 실행계약에서 20조원 이상의 국가 대출 보증을 요구하고 있어 수은법 자본금 한도 상향이 제때 이뤄지지 않으면 계약 축소 내지 무산 가능성도 없지 않다. 업계에선 여야 모두 수은법 개정에 찬성하면서도 지난해 11월 국회 기획재정위 경제재정소위에서 논의조차 하지 않고 있는 것을 비판하는 목소리가 높다. 쌍특검법 등 정쟁보다 개정안 처리를 우선시해야 한다는 의견도 들린다. 21대 국회에서 수은법 개정안이 처리되지 못하면 다음 국회에서 법안 마련 작업을 처음부터 다시해야 하는 만큼 한화에어로스페이스와 현대로템은 정책자금 부족으로 수출이 무산되는 위기에 처할 수 있다고 본다. 업계 관계자는 ""수은법 개정안이 국회 상임위에 계류돼 있지만 올해 통과를 장담하기 힘들다는 우려가 높다""며 ""21대 국회에서 수은법 개정안이 처리되지 못하면 방산 수출에 제동이 걸릴 수 있다""고 전했다．
]"
"[[세계를 보다]진격의 K-방산…K-9 1위, FA-50 2위]",https://n.news.naver.com/mnews/article/449/0000266334?sid=100,"[
			[앵커]글로벌 방위산업 시장에서 우리나라의 위상이 달라졌습니다. 세계 무기 수출 시장에서 우리나라 점유율 순위가 9위에 오를 정도로 세계 각지에서 러브콜을 받고 있습니다. 국제 정세 긴장이 고조되고 있는 가운데 성능이 좋고 가격 경쟁력이 높다는 평가입니다. 세계를보다, 권갑구 기자입니다.[기자]최근 잇달아 발발한 전쟁은 세계를 위협하고 있습니다.  러시아와 우크라이나 간의 전쟁과 지난해 10월 시작된 하마스와 이스라엘 간의 무력 충돌이 대표적인데요,  여기에 홍해에서 벌어지는 친 이란 세력인 예멘 후티 반군과 미군 사이의 공습과 동북아시아 내 북핵 위협까지.지구촌 곳곳에 전쟁과 분쟁이 잇따르면서 각국의 국방비 증액 움직임도 뚜렷해지고 있습니다. [현장음] ""펑!""  최근 세계 국방비 총액은 약 2조2400억 달러, 우리 돈 3000조에 달합니다. 특히 유럽 지역의 상승폭이 두드러졌습니다.  무기 부족분을 채우거나 새 무기를 들여와 신속히 국방력을 강화하는 것이 핵심인데, 이런 흐름 속에서 세계가 주목하는 곳은 바로 한국입니다.  [로이터 보도 (지난 해)] ""한국은 세계 방산 시장에서 주요국이 되기 위해 달리고 있습니다. 무기를 원하는 유럽의 요구도 잘 파악 합니다."" 국내 방위산업 업계가 추산하는 K-방산의 10대 효자 품목을 들여다봤더니, K-9 자주포와 전투기 FA-50이 최고 수출 품목 1, 2위를 다투고 있습니다.  한국형 미사일 방어 체계의 핵심인 중거리 지대공 미사일 천궁-II는 그 뒤를 쫒고 있습니다, 전문가들은 한국 K-9 자주포의 가장 큰 경쟁력으로 '납기 경쟁력'을 꼽습니다.  이미 실전 배치돼 우리 군이 사용 중이어서 수출 요청이 들어오면 기존 생산 시설을 활용해 납기를 맞출 수 있다는 겁니다.  또 천궁-II는 동급 성능의 미국 패트리엇보다 미사일 1발 가격이 약 3분의 1 정도로 싸 가성비가 뛰어나다는 평가를 받고 있습니다.  또 다른 효자 품목인 경공격기 FA-50은 가성비 뿐 아니라 해당 국가의 주문이나 원하는 옵션대로 제작 가능한 점에서 경쟁력을 가집니다.  [양욱 / 아산정책연구원 연구위원] ""최고의 성능이라고 해서 운영에 적합한 건 아닙니다. 미들이나 로급의 임무를 수행하는 기체가 당연히 필요한 겁니다.""  수출 국가도 다양해지고 있습니다.  지난해 수출액만 약 1조5000억 원에 달하는 폴란드나 천궁-II를 도입한 아랍에미리트 등을 비롯해 필리핀과 베트남, 호주, 이집트와 지구 반대편 콜롬비아, 페루까지 수출국은 점차 확대되고 있습니다.  최근 10년간 우리 무기가 수출된 국가들은 15개국에 달합니다. [피오트로 오스타셰프스키 / 주한 폴란드 대사 (지난해 11월)] ""왜 한국산 무기(를 원하)냐고 하는데 자유 경쟁 시장의 관점에서 가장 좋았기 때문입니다.""  다만, 전문가들은 무기 수출의 지속성을 위해 재래식 무기 호황에 안주하기보다 첨단무기 개발 또한 게을리 하지 않아야 한다고 지적합니다.  세계를 보다 권갑구입니다.영상편집 : 김민정
		]"
"[K-방산 30조 수출, 국회 입법 지연으로 무산 위기…수은법 개정안 처리 시급]",https://n.news.naver.com/mnews/article/117/0003801958?sid=103,"[
현행 법으론 추가 금융 지원 불가5대 시중은행 지원으로도 부족해



작년 10월 17일 경기도 성남 서울공항에서 열린 서울 ADEX 2023에 참석한 윤석열 대통령./대통령실[마이데일리 = 구현주 기자] 폴란드에 대한 무기 30조원대 2차 수출 계약이 국회 입법 지연으로 인해 무산될 위기다.22일 방산업계에 따르면 폴란드에 한국산 무기 구매 대금을 추가로 대출해줄 수 있게 하는 내용의 한국수출입은행(수은)법 개정안은 지난 9일 종료된 임시국회에서 한 차례도 심사되지 못했다. 새 임시국회에서도 법안이 처리되지 않으면, 4월 총선으로 인해 21대 국회의원 임기 내 처리가 어려울 전망이다.앞서 국회는 지난해 11월 23일 기획재정위원회 경제재정소위원회를 열고 수은 법정 자본금을 35조원으로 늘리는 양기대 더불어민주당 의원안과 30조원으로 늘리는 윤영석 국민의힘 의원안을 상정했다.수은법 개정 주목적은 바로 방위산업 수출 지원이다. 현행 15조원에 불과한 수은 법정 자본금 규모를 늘려 방산 등 대형 해외 수주를 실제 수출로 이어지도록 지원하기 위함이다.가장 시급한 건은 폴란드 방산 수출 2차 계약이다.폴란드 정부는 2022년 7월 한국항공우주산업의 FA-50 전투기 48대, 한화디펜스(현 한화에어로스페이스)의 K9 자주포 672문, 현대로템의 K2 전차 980대를 도입하기로 하고 한국 측과 기본 계약을 체결했다. 이 가운데 K9 자주포와 K2 전차 물량은 계약을 1차와 2차로 나눠 진행하기로 했다. 폴란드 정부는 기본 계약 한 달 만인 2022년 8월에 17조원어치를 먼저 사들이는 내용의 1차 계약을 체결했다.당시 한국은 폴란드에 한국산 무기를 살 돈을 빌려주고, 폴란드는 이 돈으로 무기를 사고 향후 돈을 갚아 나가기로 합의했었다. 국가 간 대규모 무기 거래에서 흔히 쓰이는 방식이다. 이에 따라 1차 계약에는 수은과 무역보험공사가 6조원씩 총 12조원을 폴란드에 빌려주는 내용이 포함됐다.문제는 폴란드가 K9·K2 최대 30조원어치를 더 사들이는 2차 계약을 한국 측과 맺으려 할 때 발생했다. 수은과 무역보험공사 추가 금융 지원이 어려워졌다.현행 수은법에 따르면, 수은 자본금은 15조원으로 제한돼 있다. 수은법 시행령에 따라 수은은 동일 차주에게 자기자본 40%까지만 대출해줄 수 있다. 현재 수은 자기자본은 자본금 15조원을 포함해 18조4000억원 정도고, 그 40%인 7조3600억원 가운데 6조원은 이미 1차 계약에 썼다. 2차 계약에선 1조3600억원 정도만 폴란드에 빌려줄 수 있다.그나마 7% 이율 수준 5개 은행 집단 대출(신디케이트론)을 통해 3조5000억원 지원안이 확정됐다.시중은행은 은행법에 따라 신용공여 한도가 자기자본 대비 20%까지만 가능하기에, 5대 은행 추가 지원 잔여 한도는 10조원으로 추산된다.과거 국제사례로 미루어 보아 수은법이 통과하지 못 하면, 폴란드에 대한 방산 수출이 무산될 수 있다.과거 미국도 2000년대 초 유럽 경쟁사 대비 소극적인 금융지원으로 헝가리, 체코 등 동유럽향 전투기 수출에 실패한 사례가 있다. 그러자 계약당 1억달러(1339억원) 수준 차관을 지원하던 미국은 조(兆)단위 금융지원을 가능케하고, 폴란드 정부에 100% 대출 지원을 제공해 F-16 전투기 48기 계약을 체결했다.이와 관련해 지난해 10월 국정감사에서 배준영 국민의힘 의원은 “폴란드와 2차 계약에 실패하면 최소 25조원을 넘는 계약이 날아가는 것 이상으로 세계시장에서 한국 방산에 대한 신뢰도가 하락하고 외국에 우리 방산 시장을 빼앗길 가능성까지 우려가 된다”고 지적했다.
]"
"[우크라이나의 신전략 ""방어가 최선의 공격""]",https://n.news.naver.com/mnews/article/053/0000040959?sid=104,"[




우크라이나 자포리쟈에서 러시아군을 상대로 한 방어훈련을 하고 있는 우크라이나 병사들. photo 뉴시스오는 2월이면 우크라이나 전쟁이 시작된 지 2년이 된다. 1월 현재 러시아군이 우크라이나 영토의 20%가량을 점령한 가운데 전선에서는 교착상태가 이어지고 있다. 미국과 유럽연합(EU) 등 서방 측의 우크라이나 지원도 줄고 있다. 우크라이나가 실지(失地)를 모두 회복하기는 요원해 보인다. 이런 상황에서 미국과 우크라이나는 '방어에 주력하여 러시아의 공격을 좌절시키는' 새로운 전략을 추진하고 있다.이번 전쟁의 주요 당사자들인 러시아의 블라디미르 푸틴 대통령, 볼로디미르 젤렌스키 우크라이나 대통령, 그리고 조 바이든 미국 대통령 등은 모두 전쟁에서 승리를 목표로 하고 있다. 그러나 과연 무엇이 '승리'인지는 입장에 따라 다를 것으로 보인다.젤렌스키의 목표 vs 푸틴의 목표침략을 당한 우크라이나의 젤렌스키 대통령은 러시아가 점령한 영토를 모두 탈환하고, 2014년 이후 러시아가 지배하고 있는 크름반도까지 되찾는 것만이 승리라고 공언했다. 우크라이나에서 러시아 침략군을 모두 몰아내는 ""격퇴를 통한 승리(victory through rollback)""가 목표이다. 전 유럽주둔 미군사령관인 벤 호지스 장군 역시 ""우크라이나에 승리란 크름을 포함한 모든 영토를 회복하는 것""이라고 강조했다. 그동안 미국 바이든 대통령과 서방 측 지도자 대부분이 이 입장을 지지해왔다. 이 때문에 미국과 서방 측은 지난 2년 동안 우크라이나 공격능력에 초점을 맞추어 무기를 지원해 왔다. 전차, 지뢰제거장비, 장거리 미사일 등은 러시아를 밀어내기 위한 것들이었다.그러나 이러한 승전이론은 아직 성공을 거두지 못했다. 지난해 가을 우크라이나의 반격작전은 서방 측의 큰 기대를 모았지만, 실지를 거의 회복하지 못했다. 전쟁은 아직도 교착상태를 벗어나지 못하고 있다. 우크라이나군은 러시아의 수도 모스크바에 드론 공격을 감행하여 러시아 국민들의 전쟁 지지여론을 떨어뜨리려 시도했지만 성공하지 못했다. 이제 서방 측은 우크라이나가 영토를 완전히 되찾기는 사실상 불가능하다고 보고 있으며, 이러한 상황에서 계속 자원을 쏟아부어야 하는가 고민에 빠져 있다.러시아 푸틴 대통령의 정확한 목표가 무엇인지는 전쟁 2년이 지난 현재에도 불분명하다. 2022년 2월 침공 당시에는 분명히 우크라이나 지도부를 제거하고 우크라이나 전역을 정복하는 것이 목표였다. 이것이 실패하자 그는 우크라이나의 도네츠크, 루한스크, 헤르손, 자포리쟈 등 4개 지역을 차지하는 것이 목표라고 주장했다. 전장에서는 교착상태가 지속되고 있지만 푸틴이 패배를 인정할 가능성은 없다. 러시아군이 아직은 승리를 차지할 수 있다고 믿기 때문이다.러시아는 우크라이나보다도 징집할 청년 인구가 많으며 산업기반도 강력하다. 시간은 푸틴의 편일 수 있다. 푸틴은 서구의 우크라이나 지지가 약화될 때까지 버틸 수 있으며, 결국은 소모전만으로도 우크라이나를 패배시킬 수 있다고 생각한다. 특히 푸틴은 2024년 미국 대선이 끝날 때까지는 휴전에 동의하지 않을 것이다. 그는 공화당의 도널드 트럼프 후보가 승리하면 더 유리한 협상을 할 수 있다고 믿기 때문이다. 현재 푸틴의 목표는 우크라이나를 약화시키고, 영토를 최대한 차지하고, 유럽과 통합하는 것을 가로막는 것으로 보인다. 그렇다면 우크라이나가 푸틴에게 이러한 목표들을 달성할 수 없다는 점을 분명히 깨닫게 한다면 우크라이나는 승리한 것이나 마찬가지라는 주장이 가능하다. 우크라이나가 실지를 모두 되찾아야만 승리하는 것이 아니라, 푸틴이 우크라이나 정복이라는 목표를 달성하지 못하게 하면 승리라는 논리이다. 우크라이나가 현재 통제하고 있는 영토의 80%만이라도 앞으로 수개월 동안 대전차지뢰나 콘크리트 요새 등으로 방어할 수 있다면, 러시아의 완전한 승리를 좌절시키고 협상을 열어갈 수 있다. 푸틴은 분명히 시간은 자기 편이라고 믿고 있지만, 강력하고 지속가능한 우크라이나의 방어력은 푸틴이 틀렸다는 것을 증명할 것이라는 설명이다.이와 관련 미국 정부 내에서는 요즘 '방어를 통한 승리(victory through defense) 전략'을 광범위하게 검토하고 있다고 미국 워싱턴대학의 엠마 애시포드와 조지타운대학의 켈리 그리코 교수가 지난 1월 10일 포린어페어스 기고문에서 밝혔다. 



지난해 12월 키이우에서 연례 기자회견을 하고 있는 젤렌스키 우크라이나 대통령. photo 뉴시스미국에서 제기되는 '방어를 통한 승리'""서방의 정책결정자들은 새로운 전략이 필요하다는 사실을 잘 알고 있다. 백악관은 우크라이나에 2024년에는 방어전략으로 선회하라고 압력을 가하고 있다. 우크라이나의 젤렌스키 대통령과 군 지휘부도 지난해 11월 방어 요새의 확장을 발표하며 이러한 전환의 필요성을 천천히 받아들이고 있다""고 두 교수는 설명했다. 우크라이나가 강력한 요새를 건설하고 방어능력을 강화하면, 서방의 지원이 줄더라도 장기 소모전을 버틸 수 있으며 러시아의 추가공격도 막아낼 수 있다. 지속가능한 방어는 푸틴으로 하여금 전쟁을 지속하는 것이 쓸모없는 일이라는 점을 깨닫게 해 평화의 길을 열 수 있다는 것이다.방어전략으로의 선회는 러시아에 더 이상의 영토 정복은 불가능하다는 점을 보여줄 수 있을 뿐만 아니라 우크라이나가 직면한 가장 큰 문제인 병력부족과 서구의 지원감소에 대처할 수 있게 해준다. 우크라이나가 강력한 방어망을 구축하면 전방을 지키는 데 필요한 병력과 야포를 절약할 수 있다. 징집문제가 심각해지고 있는 우크라이나에 적은 병력이 요구되는 전략은 그 자체로 성공이다. 우크라이나를 지원하는 서구에도 방어전략은 비용이 적게 든다. 공격에 필요한 전투기와 첨단 전차 등 비싸고 희소한 무기를 공급해야 할 필요성을 경감시킨다. 그 대신 서구는 저가의 탄약, 건설장비, 그리고 대공방어체계 등을 제공하면서 우크라이나의 방위산업을 육성할 수 있다. 애시포드와 켈리 교수는 ""우크라이나 전쟁에서 얻을 수 있는 분명한 교훈은 오늘날의 전장에서는 방어가 중요하다는 점""이라는 지적도 했다. 드론, 첨단 포병, 장거리 대전차미사일 등 현대무기들은 영토 정복보다 방어를 훨씬 수월하게 해준다. 이동식 지대공 방어무기체계는 탐지나 파괴가 어려워 현대 공군력을 상대하는 방어자에게 유리하다. 우크라이나에서 방어 전략으로 선회하는 것은 이러한 이점을 바탕으로 하는 것이다. 방어전략의 성공 요건으로 두 교수는 3가지 특별한 요소들이 필요하다고 지적한다.첫째, 우크라이나는 깊은 참호, 화력진지, 해자, 대전차지뢰, 용의 이빨(dragon's teeth)이라고 불리는 대전차용 콘크리트 방어벽 등으로 구성된 방어선을 건설해야 한다. 우크라이나의 방어는 아직은 고정된 요새보다는 얕은 참호로 구성되어 있다. 우크라이나군이 러시아군 보급선에서 치고 빠지는 기습작전을 펼치며 이동식 방어를 해왔기 때문이다. 그러나 우크라이나 병사들은 이제 ""살고 싶으면 땅을 파라(If you want to live, dig)""는 구호를 외치고 있다. 우크라이나가 건설할 방어진은 깊고, 여러 층으로 구성되어 러시아군이 공격해 넘어올 경우 점진적으로 탈진하게 만들 수 있어야 한다. 이를 건설하는 데는 놀라울 정도로 비용이 적게 든다. 러시아군이 피라미드형 대전차방어벽 '용의 이빨' 하나를 만드는 데 드는 비용은 130달러(약 17만원)였다. 러시아군은 1마일의 전선에 4개 열로 1000개의 콘크리트 피라미드를 배치했다. 같은 비용이라면 우크라이나가 돈바스 전선 260마일 전체를 요새화하는 데 드는 돈은 5400만달러에 불과하다. 대전차지뢰는 하나에 1만달러 미만으로 저렴하다. 미군은 17만8000기의 M21 지뢰를 보유하고 있으며 곧 신모델로 대체할 예정이다. 



러시아군이 설치해 놓은 ‘용의 이빨’. 러시아군이 용의 이빨 하나를 만드는 비용은 130달러 정도로 알려져 있다. photo 스푸트닉공격보다 저렴한 방어 비용둘째, 우크라이나는 러시아가 제공권 우위를 차지하지 못하도록 해야 한다. 우크라이나 지휘관들은 F16만 있어도 제공권을 확보할 수 있다고 주장하지만 우크라이나 조종사들이 러시아의 S-400 미사일체계를 파괴하기 전에 러시아의 레이더가 전폭기들을 탐지할 것이다. 우크라이나의 대공방어망이 러시아 공군에 위협이 될 수만 있다면 방어에 성공할 수 있다. 현재 서구의 대공미사일은 재고가 적다. 러시아가 우크라이나 시민들을 향해 발사한 미사일이나 드론을 모두 요격할 수는 없다는 의미이다. 우크라이나가 대공방어망보다 시민들을 보호하려 한다면 공중전에서 패배할 가능성이 크다. 현재 서방은 우크라이나가 필요한 대공방어 수요를 충족시켜주는 데 엄청난 압박을 받고 있다. 그러나 서구의 첨단 미사일과 소련 시절 우크라이나의 레이더와 발사대를 접목시키는 '프랑켄SAM 계획'은 이 극단적인 부족을 메울 방안이 된다.셋째, 우크라이나는 서구의 무기공급에 대한 의존도를 줄이고 국내 무기생산을 늘려야 한다. 방어에 필요한 무기들인 야포, 드론, 대전차 무기들은 값싸고 만들기도 쉽다. 우크라이나가 자주국방역량을 강화할수록 우크라이나는 서방의 지원 없이도 러시아군의 공격에 강력하게 저항할 수 있다.애시포드와 그리코 교수는 ""방어전략으로의 선회는 잘 이행된다면 푸틴으로 하여금 우크라이나에서 더 이상의 정복은 불가능하다는 점을 깨닫게 하여 협상할 기회를 만들어낼 수도 있다""고 강조했다. 방어전략이 전쟁을 끝내지는 못하더라도 ""최악의 재앙은 피하고, 우크라이나 전력(戰力)을 유지하고, 안정적 균형을 도출해내 우크라이나가 경제적으로 발전하고 유럽과 통합할 수 있게 할 수 있다""는 설명이다. 국내적 제약과 우크라이나 패배 가능성 사이에서 시달리는 서구의 정책결정자들에게 이는 곧 승리로 간주되어야 한다는 것이다. 두 교수는 한국 전쟁을 비교할 만한 사례로 언급하기도 했다. ""한국전쟁은 공식적으로 종료되지는 않았지만, 휴전선을 요새화하고 안정화하여 영속적인 휴전을 만들어 남한은 번영할 수 있었다. 우크라이나 방어전략은 궁극적으로 같은 결과를 만들어낼 수 있다.… 실제로 유럽과 통합한, 번영하고, 독립된 우크라이나는 푸틴에게는 패배이다.""방어전략에 긴요한 우크라이나의 방위산업은 전쟁 중에 빠른 속도로 발전하고 있다고 서구 미디어들은 전하고 있다. 우크라이나 정부와 기업들은 방위산업 분야를 확충하기 위해 총력을 기울이고 있다고 미국 월간지 애틀랜틱이 지난해 12월 보도했다. 우크라이나의 일부 군수기업들은 러시아를 상대로 하는 전쟁뿐만 아니라 장래에 유럽이나 미국 등에 무기를 판매한다는 원대한 계획도 세우고 있다. 젤렌스키 대통령은 지난해 9월 30일 키이우에서 정부 주재로 열린 국제방산기업들과의 포럼에 참석하여 우크라이나와 서구의 방산기업들이 협력하여 우크라이나에 군수품 공급을 늘리는 한편 우크라이나를 '거대한 군사적 허브(military hub)'로 만들고 싶다고 말했다.다시 가동되는 우크라이나 군수산업냉전 기간 소련에 속했던 우크라이나는 세계 최강의 군수산업을 보유한 나라 중 하나였다. 우크라이나에는 750개의 군수공장이 있었다. 항공모함, 헬리콥터 엔진, 탄도미사일, 전차, 통신장비 등이 우크라이나에서 생산됐다. 소련 군수산업의 30%를 우크라이나가 담당했다. 우크라이나는 독립 당시 거대한 군수공장들과 전차 6000대, 전투기 1000대, 전함 500척, 대륙간탄도미사일 170기를 보유하고 있었다. 그러나 미국의 압력으로 우크라이나는 장거리미사일과 전략폭격기들을 모두 폐기하거나 러시아로 이전했다. 지난 2001년 우크라이나는 마지막 Tu-95 전략폭격기를 폐기하면서 미 국방부 고위인사들이 참석한 가운데 키이우에서 성대한 기념식도 개최했다. 우크라이나는 2000년대 중국, 파키스탄, 러시아에 무기수출을 하면서 외화를 벌어들였지만, 소련제 무기에 대한 국제수요가 급감하며 군수공장 대부분이 문을 닫았다.2022년 러시아의 침공을 받고 나서야 군수산업 투자가 확대되었다. 우크라이나의 '키이우 인디펜던트'는 지난해 12월 27일 ""2023년 우크라이나의 무기생산은 전년도에 비해 3배나 급증했다""는 젤렌스키 대통령의 발언을 전하며 ""미국과 EU의 지원이 불확실한 가운데 이러한 추세는 우크라이나에는 대단히 고무적인 신호""라고 평가했다. 젤렌스키 대통령은 지난 연말 방산근로자들과 만난 자리에서 ""포병 탄약의 국내 생산 부문에서 '엄청나게 중요한' 증산이 이루어졌으며, 드론용 탄약 생산도 체계적으로 확대되고 있다""고 강조했다. 그는 이어 ""2024년에는 국제적으로 공급이 부족한 폭탄과 탄약생산에 특별히 주의를 기울이겠다""며 ""우크라이나와 서구의 방산통합이 확대될 것""이라고 덧붙였다.지난해 10월 우크라이나는 독일의 방산기업인 라인메탈과 합동으로 방산기업을 세웠다. 라인메탈의 CEO 아르민 파페르거는 지난해 12월 2일 이 회사가 2024년 여름에는 우크라이나에서 처음으로 장갑차를 생산할 계획이라고 밝혔다. 우크라이나는 지난해 12월 미국과도 공동무기생산에 관한 의향서에 서명했다. 두 나라는 우크라이나에서 장비수리뿐만 아니라 대공방어체계와 탄약을 생산하는 것을 목표로 하고 있다. 우크라이나는 또 미국의 2개 회사와 함께 155㎜ 포탄도 생산할 계획이라고 말했다. 지난 1월 10일에는 젤렌스키 대통령이 에스토니아 수도 탈린을 방문해 양국 간 방산협력협정에 서명했다. 에스토니아 방산기업들은 이미 우크라이나에서 활동하며 탐지 및 무인장비들을 공급하고 있다. 에스토니아 측은 ""가장 큰 목표는 상호 방산능력 개발을 위한 강력한 토대를 구축하는 것""이라고 밝혔다. 에스토니아 측은 우크라이나가 외부의 위협을 방어하는 것뿐만 아니라 에스토니아 기업들이 생산한 제품을 검증 하는 것이 목표라고 덧붙였다. 
]"
[작년 폴란드에 1.5조원 방산수출…무역흑자 5위국 올라],https://n.news.naver.com/mnews/article/001/0014448713?sid=101,"[
FA-50GF 12대 5.2억달러에 수출…K-9 자주포·K2 전차 등도 인도중양극재에 방산 가세해 유럽 2위 수출국 부상…'잔여 계약' 변수



폴란드 민스크 기지에 서 있는 FA-50GF[KAI 제공. 재판매 및 DB 금지](세종·서울=연합뉴스) 차대운 김동규 기자 = 한국이 '방산 잭폿' 계약을 바탕으로 지난해 폴란드에 경공격기 FA-50, K-9 자주포 등 1조5천억원 이상 규모의 방산 수출을 한 것으로 나타났다.    기존 주력 상품인 이차전지 양극재에 대규모 방산 수출까지 더해지면서 폴란드는 미국, 베트남, 홍콩, 인도에 이어 단숨에 한국의 5위 무역수지 흑자국으로 떠올랐다.    17일 한국무역협회의 무역 통계 시스템 'K-stat'에 따르면 지난해 한국의 폴란드 수출은 90억2천만달러로 전년보다 14.8% 증가했다.    작년 폴란드 수출 성장은 방위산업이 주도했다.    K-9 자주포, K2 흑표 전차 등이 포함된 '무기류' 수출은 6억4천900만달러로 전년보다 56.9% 증가했다.    이와 별개로 한국항공우주산업(KAI)의 FA-50 수출 실적을 반영한 '항공기' 수출은 5억2천300만달러를 기록했다.     한국의 폴란드 대상 '항공기' 수출 실적은 작년에 처음 잡혔다. KAI는 작년 7월부터 연말까지 폴란드 공군에 FA-50GF 12대를 인도했다.     '무기류'와 '항공기' 항목을 합친 2023년 한국의 전체 폴란드 방산 수출액은 11억7천200만달러로, 대규모 폴란드 무기 수출이 본격화한 전년(4억1천300만달러)보다 184% 증가했다. 작년 수출액은 한화로 1조5천억원이 넘는다.    앞서 폴란드 정부는 지난 2022년 현대로템, 한화에어로스페이스, KAI 등 한국 방산 기업들과 K2 전차 980대, K-9 자주포 648문, FA-50 경공격기 48대, 천무 다연장 로켓 288문 등의 무기를 사는 기본 협정을 체결했다.



한국서 납품된 K2 전차·K9 자주포 앞에서 연설하는 폴란드 대통령[EPA=연합뉴스 자료사진]이후 폴란드 정부가 각 기업과 1차 구매 계약을 맺었고, K-9 자주포 등 지상 무기를 시작으로 2022년 하반기부터 순차적으로 납품이 진행되면서 한국의 폴란드 무기 수출이 꾸준히 증가하는 추세다.    수출이 본격화한 2022∼2023년 2년간 한국의 폴란드 방산 수출 실적은 15억9천만달러에 달한다. 한화로 2조원을 훌쩍 넘는다.    단일 수출 품목으로는 이차전지 양극재가 대부분을 차지하는 '기타 정밀화학 원료'가 가장 규모가 컸다.    지난해 '기타 정밀화학 원료' 수출은 22억3천400만달러로 전년보다 2.5% 늘어났다.     폴란드에는 세계에서 두 번째로 큰 배터리 시장인 유럽을 겨냥한 LG에너지솔루션의 배터리 생산 시설이 있다. 한국에서 가공된 양극재는 폴란드 공장으로 수출된 뒤 다시 배터리 셀로 제조돼 유럽 전역으로 팔린다.    한국의 작년 전체 수출이 7.5% 줄어든 점을 고려하면 폴란드 수출 호조세가 더욱 두드러진다.     한국의 상위 수출국 순위에서 폴란드는 2022년 17위에서 2023년 14위로 뛰어올랐다. 유럽에서는 독일에 이어 한국의 두 번째 수출국으로 위상이 높아졌다.    한국의 무역수지 흑자 상위국 순위에서 폴란드는 2022년 7위에서 작년에는 5위로 두 계단 상승했다. 작년 한국은 폴란드와 교역에서 79억2천만달러의 무역수지 흑자를 냈다.



폴란드 수출된 K2 전차[연합뉴스 자료사진]폴란드와의 기본 계약 후 확정된 1차 계약 규모만 총 124억달러(약 16조5천억원)에 달해 향후 한국 방산업체들의 폴란드 수출 실적은 지속해 강세를 나타낼 것으로 업계는 전망하고 있다.    KAI만 해도 작년에 인도한 FA-50GF 12대 외에 남은 물량 36대를 폴란드 공군의 요구에 맞춰 FA-50PL 형태로 개발해 2025년부터 2028년까지 추가로 납품할 예정이다.    다만 폴란드 정부가 기대하는 한국의 수출 금융 지원 확대를 위한 수출입은행법 개정 논의가 지체되는 상황이어서 1차 계약보다 규모가 큰 2차 계약 체결의 기회를 놓칠 수 있다는 우려도 커지고 있다.    폴란드 새 연립정부의 도날트 투스크 폴란드 총리는 지난달 기자회견에서 한국과 체결한 방산 계약과 관련해 기존에 알고 있던 바와 달리 한국에서 제공하기로 한 융자금이 존재하지 않는다면서 공개적으로 불만을 표출하기도 했다.    다만 그는 한국과의 방산 계약을 다시 들여다보려 하지만 계약을 지속할 작정이라고 언급해 추가 계약을 남겨두고 보다 유리한 구매 조건을 얻어내기 위해 한국 측을 압박한 것이라는 해석이 나왔다.    방산업계 관계자는 ""폴란드 대규모 수출 이후 한국 방산이 주목받으며 주변국의 관심과 문의가 늘고 있다""며 ""폴란드와 재무상황이 비슷한 국가들이 한국 방산에 대한 신뢰를 바탕으로 도입을 적극 고려할 수 있는 환경을 만들기 위해서라도 수출 금융 지원이 안정적으로 이뤄지는 것이 중요하다""고 말했다.[표] 한국의 폴란드 방위산업 수출 현황                                                              단위 : 백만달러



※ 자료 : 한국무역협회 K-statcha@yna.co.kr    dkkim@yna.co.kr
]"
